,Zipcode,Address,Median Age,Household Income,Per Capita Income,Lat,Lng,Bank Count
0,49908,"Baraga, MI 49908",46,27030,15371,46.8359,-88.5070,5
1,47443,"Lyons, IN 47443",33,83212,91548,38.9565,-87.0931,8
2,55392,"Navarre, MN 55392",38,182718,56648,44.9434,-93.6077,81
3,74469,"Warner, OK 74469",43,183752,82932,35.5007,-95.3006,73
4,70791,"Zachary, LA 70791",43,120257,69028,30.6455,-91.1385,78
5,76885,"Valley Spring, TX 76885",34,29712,11057,30.8310,-98.8289,5
6,68874,"Sargent, NE 68874",43,182394,50288,41.6693,-99.3853,13
7,63540,"Gibbs, MO 63540",37,86680,63131,40.0808,-92.4304,3
8,82515,"Hudson, WY 82515",32,101908,78545,42.8445,-108.5016,33
9,12125,"New Lebanon, NY 12125",45,187359,93759,42.4697,-73.4105,74
10,70503,"Lafayette, LA 70503",35,26013,15392,30.1717,-92.0599,2
11,37206,"Nashville, TN 37206",37,95002,73768,36.1801,-86.7293,40
12,78673,"Walburg, TX 78673",36,100233,52553,30.7364,-97.5801,66
13,33413,"West Palm Beach, FL 33413",41,164009,60335,26.6626,-80.1515,28
14,20453,"Washington, DC 20453",32,155472,86768,38.8951,-77.0369,33
15,02358,"North Pembroke, MA 02358",45,37549,16499,42.1024,-70.7739,7
16,50232,"Reasnor, IA 50232",44,159158,57832,41.5557,-92.9711,93
17,78156,"Seguin, TX 78156",38,177698,85531,29.5687,-97.9644,3
18,24869,"North Spring, WV 24869",36,151813,69405,37.5264,-81.7922,13
19,79405,"Lubbock, TX 79405",35,148552,73399,33.57,-101.84,99
20,28664,"Plumtree, NC 28664",42,37200,19859,36.0267,-82.0082,9
21,78056,"Mico, TX 78056",33,164003,67596,29.5419,-98.9192,74
22,62346,"La Prairie, IL 62346",38,211236,80348,40.1642,-90.9704,8
23,13654,"Heuvelton, NY 13654",42,125631,76669,44.5907,-75.4475,93
24,32563,"Gulf Breeze, FL 32563",40,207642,97811,30.4004,-87.0524,7
25,67004,"Argonia, KS 67004",41,47423,15398,37.2996,-97.6948,2
26,32041,"Yulee, FL 32041",39,154261,44264,30.6324,-81.6068,81
27,95226,"Campo Seco, CA 95226",37,116424,79742,38.2366,-120.8618,70
28,99676,"Talkeetna, AK 99676",40,123447,83194,62.4273,-148.7673,55
29,36046,"Lapine, AL 36046",35,181514,54011,31.9923,-86.3354,41
30,61630,"Peoria, IL 61630",46,35839,11384,40.6937,-89.5887,1
31,38675,"Memphis Stc, MS 38675",42,205940,64141,34.2331,-89.3616,80
32,07963,"Morristown, NJ 07963",42,168025,85909,40.7968,-74.4816,10
33,89148,"Las Vegas, NV 89148",36,197139,74467,36.0603,-115.2972,66
34,56641,"Federal Dam, MN 56641",44,184206,69269,47.2062,-94.2546,66
35,68628,"Clarks, NE 68628",44,42296,19865,41.1999,-97.8558,8
36,36043,"Hope Hull, AL 36043",34,198951,80103,32.1865,-86.4364,73
37,64656,"Ludlow, MO 64656",38,153239,97777,39.6554,-93.7002,100
38,65216,"Columbia, MO 65216",43,161039,45656,38.9579,-92.3266,85
39,21161,"White Hall, MD 21161",44,161767,41877,39.6604,-76.5754,18
40,72329,"Driver, AR 72329",35,31723,19477,35.5488,-89.9522,1
41,50521,"Burnside, IA 50521",32,73521,41745,42.3251,-94.0671,93
42,24715,"Bramwell, WV 24715",34,85332,81778,37.3378,-81.3320,38
43,92863,"Orange, CA 92863",44,177197,79696,33.7878,-117.8523,21
44,79770,"Orla, TX 79770",39,96848,48661,31.8285,-103.9136,49
45,13088,"Liverpool, NY 13088",33,40020,16475,43.1070,-76.2019,8
46,24448,"Iron Gate, VA 24448",35,197713,72273,37.7986,-79.7895,82
47,59406,"Great Falls, MT 59406",39,64101,49536,47.5001,-111.3003,2
48,95903,"Beale AFB, CA 95903",38,150107,45254,39.1110,-121.3676,36
49,44085,"Rome, OH 44085",46,177715,59167,41.6110,-80.8611,79
50,59259,"Richey, MT 59259",42,34513,12697,47.6361,-105.0001,2
51,30071,"Norcross, GA 30071",42,188078,65817,33.9451,-84.2121,52
52,63565,"Unionville, MO 63565",39,120736,59444,40.4869,-92.9762,14
53,44837,"Greenwich, OH 44837",34,204340,95857,40.9888,-82.4883,8
54,78748,"Austin, TX 78748",39,208185,98518,30.1640,-97.8226,14
55,06927,"Stamford, CT 06927",38,48075,17845,41.0535,-73.5394,2
56,56738,"Newfolden, MN 56738",46,123209,47840,48.2856,-96.2415,94
57,31119,"Atlanta, GA 31119",43,75437,76562,33.7500,-84.2995,86
58,03307,"Loudon, NH 03307",46,121473,81751,43.3215,-71.4415,92
59,44139,"Solon, OH 44139",32,79085,82103,41.3865,-81.4403,18
60,30224,"Griffin, GA 30224",43,29538,14850,33.1962,-84.2733,9
61,53526,"Cobb, WI 53526",45,137326,98141,42.9712,-90.3521,93
62,91901,"Alpine, CA 91901",32,176611,61085,32.7899,-116.7112,57
63,45306,"Botkins, OH 45306",39,125348,53006,40.4537,-84.1836,21
64,40460,"Orlando, KY 40460",35,126675,57994,37.3991,-84.2268,61
65,43759,"Morristown, OH 43759",35,33049,16847,40.0633,-81.0744,10
66,91730,"Rancho Cucamonga, CA 91730",42,133603,67160,34.0994,-117.5763,69
67,12051,"Coxsackie, NY 12051",41,184057,77073,42.3485,-73.8461,5
68,14043,"Depew, NY 14043",33,167939,62204,42.8990,-78.7080,28
69,03585,"Lisbon, NH 03585",34,84043,79654,44.2138,-71.8900,85
70,30564,"Murrayville, GA 30564",36,45769,10807,34.4726,-83.8972,6
71,36630,"Mobile, AL 36630",38,72737,68763,30.68,-88.04,2
72,33154,"Miami Beach, FL 33154",39,82628,90470,25.8966,-80.1313,77
73,88531,"El Paso, TX 88531",37,169916,67950,31.7588,-106.4866,20
74,75206,"Dallas, TX 75206",32,185782,58109,32.8335,-96.7717,98
75,11957,"Orient, NY 11957",37,44679,17441,41.1503,-72.2406,2
76,16223,"Distant, PA 16223",45,84688,64089,40.9540,-79.3758,69
77,61250,"Erie, IL 61250",42,17192,26064,41.6607,-90.0857,71
78,54812,"Barron, WI 54812",46,210288,42249,45.4127,-91.8840,95
79,06725,"Waterbury, CT 06725",33,199269,68880,41.5584,-73.0516,92
80,94585,"Suisun City, CA 94585",43,32501,14768,38.1556,-121.9451,4
81,22719,"Etlan, VA 22719",35,114299,72055,38.5095,-78.2643,46
82,33304,"Fort Lauderdale, FL 33304",36,182848,55101,26.1377,-80.1230,5
83,20218,"Washington, DC 20218",36,188066,90060,38.8951,-77.0369,80
84,93386,"Bakersfield, CA 93386",45,104564,42444,35.3736,-119.0176,71
85,76462,"Lipan, TX 76462",45,31690,14361,32.5279,-98.0166,6
86,58079,"Wheatland, ND 58079",41,73003,78170,46.8543,-97.3458,3
87,25396,"Charleston, WV 25396",42,90562,85559,38.3494,-81.6329,52
88,85349,"San Luis, AZ 85349",35,146772,66540,32.4943,-114.7833,20
89,30324,"Atlanta, GA 30324",44,118707,51796,33.8198,-84.3602,83
90,27562,"New Hill, NC 27562",35,49130,12871,35.6415,-78.9672,7
91,19193,"Philadelphia, PA 19193",38,107753,75102,39.9525,-75.1645,51
92,79041,"Hale Center, TX 79041",34,189346,83615,34.0795,-101.9271,78
93,76691,"West, TX 76691",32,119822,79281,31.7801,-97.1005,96
94,80544,"Niwot, CO 80544",36,120592,57792,40.1039,-105.1704,30
95,68627,"Cedar Rapids, NE 68627",32,31302,15505,41.5456,-98.1762,4
96,83403,"Idaho Falls, ID 83403",37,209674,60018,43.4667,-112.0335,19
97,39213,"Jackson, MS 39213",41,176720,92761,32.4075,-90.2167,49
98,38652,"New Albany, MS 38652",41,192175,92398,34.4893,-88.9908,65
99,93216,"Delano, CA 93216",44,201335,72356,35.7719,-119.2699,13
100,57350,"Huron, SD 57350",40,40775,18511,44.3792,-98.1758,8
101,51055,"Sloan, IA 51055",41,133093,87504,42.2145,-96.2427,2
102,80476,"Silver Plume, CO 80476",41,98832,84045,39.6959,-105.7446,45
103,66056,"Mound City, KS 66056",46,161529,84793,38.1550,-94.8603,54
104,65239,"Cairo, MO 65239",36,161384,99394,39.5233,-92.4176,84
105,71670,"Tillar, AR 71670",41,47391,12345,33.6972,-91.5015,5
106,55305,"Hopkins, MN 55305",37,86024,80375,44.9520,-93.4361,22
107,46501,"Argos, IN 46501",38,80685,79790,41.2302,-86.2501,24
108,25356,"Charleston, WV 25356",35,191823,83406,38.3494,-81.6329,32
109,37332,"Evensville, TN 37332",38,73150,75383,35.5920,-84.9335,52
110,48374,"Novi, MI 48374",41,26608,12888,42.4695,-83.5244,2
111,74447,"Okmulgee, OK 74447",46,206865,60358,35.6463,-96.0328,57
112,43080,"Utica, OH 43080",39,73047,73142,40.2389,-82.4107,25
113,47320,"Albany, IN 47320",35,93591,74794,40.2693,-85.2631,75
114,80742,"New Raymer, CO 80742",42,87638,97592,40.7620,-103.8489,24
115,19107,"Philadelphia, PA 19107",37,47138,18493,39.9519,-75.1587,5
116,13696,"West Stockholm, NY 13696",32,62926,90000,44.7340,-74.9159,44
117,85237,"Kearny, AZ 85237",39,190279,94593,33.09,-110.97,74
118,58109,"Fargo, ND 58109",44,147375,99513,46.8774,-96.7895,73
119,33165,"Miami, FL 33165",38,148045,77733,25.7349,-80.3595,91
120,56543,"Foxhome, MN 56543",41,43850,10720,46.2387,-96.3263,4
121,01944,"Manchester, MA 01944",44,167250,97409,42.5795,-70.7651,4
122,39066,"Edwards, MS 39066",37,200859,69364,32.3034,-90.5927,3
123,46017,"Anderson, IN 46017",44,84740,56057,40.0702,-85.6050,21
124,12230,"Albany, NY 12230",45,82799,87090,42.6525,-73.7567,11
125,55807,"Duluth, MN 55807",46,25792,11099,46.7362,-92.1731,10
126,60303,"Oak Park, IL 60303",37,184995,81577,41.8851,-87.7847,13
127,00969,"Guaynabo, PR 00969",39,202099,90861,18.3310,-66.1123,85
128,82414,"Cody, WY 82414",40,67509,76991,44.4022,-109.5310,58
129,18337,"Milford, PA 18337",38,164496,86016,41.3383,-74.8861,56
130,80134,"Parker, CO 80134",40,27165,11017,39.4894,-104.7688,7
131,96039,"Happy Camp, CA 96039",45,73803,93271,41.8353,-123.4069,18
132,61855,"Milmine, IL 61855",42,163122,46642,39.9234,-88.6599,60
133,40374,"Sharpsburg, KY 40374",44,147223,71574,38.2218,-83.9104,88
134,66541,"Summerfield, KS 66541",32,87188,91901,39.9576,-96.3627,62
135,16922,"Galeton, PA 16922",42,41231,13882,41.6910,-77.7437,5
136,06793,"Washington, CT 06793",40,202752,77825,41.6393,-73.2962,62
137,33762,"Clearwater, FL 33762",39,100626,47643,27.8982,-82.6713,14
138,48633,"Lake George, MI 48633",35,94230,81829,43.9538,-84.9337,4
139,28227,"Charlotte, NC 28227",43,70194,67699,35.1854,-80.6493,32
140,85130,"Casa Grande, AZ 85130",40,27698,10201,32.8965,-111.7564,2
141,59452,"Hobson, MT 59452",45,108444,98610,46.8647,-110.1994,51
142,76233,"Collinsville, TX 76233",42,171019,83542,33.5291,-96.8891,72
143,17210,"Amberson, PA 17210",45,187491,50679,40.1703,-77.6777,76
144,53527,"Cottage Grove, WI 53527",43,186863,90374,43.0711,-89.1885,87
145,20901,"Silver Spring, MD 20901",43,44539,15273,39.0249,-77.0083,6
146,56046,"Hope, MN 56046",46,166071,55484,43.9786,-93.3462,50
147,32164,"Palm Coast, FL 32164",33,142389,96456,29.4803,-81.2140,48
148,83839,"Kingston, ID 83839",43,190939,96363,47.5827,-116.2517,22
149,58571,"Stanton, ND 58571",32,130985,97241,47.2960,-101.3959,97
150,58760,"Maxbass, ND 58760",36,29372,18212,48.6903,-101.2564,5
151,44022,"Chagrin Falls, OH 44022",36,79677,76224,41.4513,-81.3933,60
152,78116,"Gillett, TX 78116",40,174166,61581,29.0798,-97.7749,40
153,25909,"Prosperity, WV 25909",33,145517,65344,37.8377,-81.1976,80
154,50264,"Weldon, IA 50264",36,19034,22542,40.8922,-93.7170,66
155,69148,"Lisco, NE 69148",42,29698,15381,41.6055,-102.5675,9
156,48154,"Livonia, MI 48154",32,199152,63379,42.3976,-83.3733,72
157,03037,"Deerfield, NH 03037",40,192056,48957,43.1479,-71.2487,18
158,83845,"Moyie Springs, ID 83845",37,208337,58604,48.8103,-116.2040,80
159,49873,"Perronville, MI 49873",39,187742,90720,45.8659,-87.5132,11
160,48106,"Ann Arbor, MI 48106",42,30408,17330,42.2836,-83.7455,4
161,88029,"Columbus, NM 88029",32,183155,49336,31.9136,-107.7568,72
162,28139,"Rutherfordton, NC 28139",38,132526,87901,35.3347,-82.0360,27
163,66966,"Scandia, KS 66966",45,152259,87829,39.7408,-97.7357,27
164,74301,"Vinita, OK 74301",44,84909,55751,36.6806,-95.2158,79
165,06131,"Newington, CT 06131",44,48757,10079,41.7638,-72.6859,8
166,14864,"Millport, NY 14864",34,186750,73840,42.2799,-76.8445,34
167,99006,"Deer Park, WA 99006",41,211222,98909,47.9680,-117.5330,65
168,12786,"White Lake, NY 12786",34,208370,87401,41.6619,-74.8553,64
169,01450,"Groton, MA 01450",41,87116,54614,42.6162,-71.5768,55
170,53706,"Madison, WI 53706",32,42307,19538,43.0748,-89.4112,6
171,66048,"Leavenworth, KS 66048",40,114220,74800,39.2956,-94.9844,75
172,92403,"San Bernardino, CA 92403",38,114416,82245,34.1104,-117.3118,81
173,10469,"Bronx, NY 10469",34,135912,68888,40.8700,-73.8441,98
174,58330,"Edmore, ND 58330",38,185010,91054,48.4489,-98.4674,11
175,19075,"Oreland, PA 19075",34,43067,19133,40.1129,-75.1874,7
176,70372,"Labadieville, LA 70372",33,197818,99863,29.8123,-90.9609,63
177,53959,"Reedsburg, WI 53959",46,61702,94520,43.5418,-89.9703,97
178,54115,"De Pere, WI 54115",39,189550,84001,44.4097,-88.0983,27
179,24571,"Lynch Station, VA 24571",46,87930,74861,37.1365,-79.3654,65
180,94530,"El Cerrito, CA 94530",33,49263,13101,37.9211,-122.2890,3
181,76162,"Fort Worth, TX 76162",36,109451,81719,32.7254,-97.3208,2
182,85029,"Phoenix, AZ 85029",33,120168,94518,33.5946,-112.1074,75
183,59105,"Billings, MT 59105",43,60731,71910,45.8703,-108.4919,96
184,18929,"Jamison, PA 18929",43,174234,80828,40.2571,-75.0766,31
185,34295,"Englewood, FL 34295",34,43005,15992,26.9618,-82.3526,5
186,49241,"Hanover, MI 49241",33,94202,46461,42.1020,-84.6042,53
187,50321,"Des Moines, IA 50321",39,79761,86336,41.5471,-93.6732,47
188,26267,"Ellamore, WV 26267",42,178360,95391,38.9364,-80.0812,98
189,22304,"Alexandria, VA 22304",46,187558,82218,38.8122,-77.1264,94
190,98061,"Rollingbay, WA 98061",34,30920,10791,47.6559,-122.5094,6
191,05746,"Gaysville, VT 05746",35,85532,45501,43.7106,-72.7547,80
192,20814,"Bethesda, MD 20814",34,176032,97127,39.0048,-77.1025,40
193,55615,"Tofte, MN 55615",41,100239,87915,47.7627,-90.8306,24
194,84244,"Ogden, UT 84244",35,176541,66318,41.2234,-111.9731,63
195,55604,"Grand Marais, MN 55604",39,47279,13260,47.9763,-90.4135,1
196,29697,"Williamston, SC 29697",44,71264,97061,34.6413,-82.5449,68
197,63632,"Cascade, MO 63632",39,90721,86422,37.2995,-90.2694,67
198,84513,"Castle Dale, UT 84513",41,169719,53274,39.2232,-110.9536,17
199,11726,"Copiague, NY 11726",37,199991,52097,40.6827,-73.3942,99
200,05866,"Sheffield, VT 05866",39,31391,13736,44.6371,-72.1343,4
201,30272,"Red Oak, GA 30272",44,99208,97384,33.6246,-84.4987,70
202,20241,"Washington, DC 20241",46,202636,73994,38.8951,-77.0369,15
203,32187,"San Mateo, FL 32187",43,194245,90060,29.5656,-81.5713,69
204,51433,"Auburn, IA 51433",44,122712,74296,42.2893,-94.8885,47
205,07033,"Kenilworth, NJ 07033",43,49991,10186,40.6775,-74.2915,10
206,80204,"Denver, CO 80204",38,115244,90723,39.7377,-105.0203,96
207,02459,"Newton Center, MA 02459",46,145104,44115,42.3122,-71.1947,24
208,95207,"Stockton, CA 95207",38,185940,44282,38.0003,-121.3247,71
209,71854,"Texarkana, AR 71854",43,93159,45024,33.4628,-93.8832,50
210,44211,"Brady Lake, OH 44211",33,31470,13539,41.1595,-81.3173,6
211,47994,"Wingate, IN 47994",36,202960,77251,40.1662,-87.0550,22
212,49251,"Leslie, MI 49251",32,214488,84841,42.4700,-84.4118,7
213,15347,"Meadow Lands, PA 15347",42,116243,62249,40.2141,-80.2287,44
214,61831,"Collison, IL 61831",44,102478,93947,40.2332,-87.8037,12
215,66675,"Topeka, KS 66675",35,35988,13724,39.0486,-95.6778,5
216,98384,"South Colby, WA 98384",44,101469,51374,47.5225,-122.5361,17
217,22191,"Woodbridge, VA 22191",35,88260,50356,38.6233,-77.2636,85
218,43437,"Jerry City, OH 43437",46,74703,98530,41.2476,-83.6012,94
219,71860,"Stamps, AR 71860",45,61323,60675,33.3140,-93.5249,32
220,91328,"Northridge, CA 91328",39,46055,12127,34.2284,-118.5356,6
221,15745,"Heilwood, PA 15745",37,199816,73993,40.6269,-78.9218,1
222,96150,"South Lake Tahoe, CA 96150",39,106926,47915,38.8851,-120.0424,25
223,92329,"Phelan, CA 92329",40,67332,49226,34.4262,-117.5716,22
224,49688,"Tustin, MI 49688",40,173794,65068,44.1251,-85.4451,36
225,58535,"Flasher, ND 58535",46,36289,19935,46.5016,-101.2067,3
226,26587,"Rachel, WV 26587",35,155564,71043,39.5255,-80.2937,4
227,09263,"Apo, AE 09263",42,176617,71268,0.0000,0.0000,26
228,01532,"Northborough, MA 01532",37,159898,69906,42.3301,-71.6352,26
229,35119,"New Castle, AL 35119",39,202001,91802,33.6470,-86.7708,32
230,18611,"Cambra, PA 18611",42,49873,18028,41.1927,-76.2998,8
231,45724,"Cutler, OH 45724",39,22259,33068,39.3794,-81.7737,47
232,24846,"Isaban, WV 24846",42,84130,80792,37.5323,-81.8828,84
233,62973,"Perks, IL 62973",41,136287,46116,37.3099,-89.0805,15
234,54628,"Ferryville, WI 54628",46,132972,73431,43.4207,-91.0310,81
235,08853,"Neshanic Station, NJ 08853",44,49568,11385,40.5291,-74.7404,7
236,92402,"San Bernardino, CA 92402",39,124498,60692,34.1216,-117.3022,48
237,13486,"Westernville, NY 13486",32,107677,61822,43.3507,-75.3389,18
238,59865,"Saint Ignatius, MT 59865",38,115612,82380,47.3351,-114.0319,74
239,50680,"Wellsburg, IA 50680",44,77790,69689,42.4523,-92.9150,23
240,58063,"Oriska, ND 58063",39,40532,14538,46.9641,-97.8185,4
241,37347,"Jasper, TN 37347",42,212967,73855,35.0608,-85.6238,44
242,84621,"Axtell, UT 84621",32,196629,77407,39.0832,-111.9029,12
243,51465,"Vail, IA 51465",42,166394,59018,42.0920,-95.2034,98
244,67584,"Utica, KS 67584",36,200740,77079,38.6249,-100.1379,16
245,77265,"Houston, TX 77265",35,30000,13975,29.7632,-95.3633,10
246,25202,"Tornado, WV 25202",36,134076,60725,38.3130,-81.8698,45
247,32322,"Carrabelle, FL 32322",37,63795,63739,29.8950,-84.6632,35
248,79848,"Sanderson, TX 79848",33,157181,96512,30.1221,-102.3984,33
249,59114,"Billings, MT 59114",32,103720,69957,45.7834,-108.5003,3
250,97138,"Seaside, OR 97138",44,39935,11769,45.9582,-123.6762,7
251,96033,"French Gulch, CA 96033",44,210029,46122,40.7100,-122.5828,91
252,61344,"Mineral, IL 61344",40,136209,87337,41.4039,-89.8304,24
253,22906,"Charlottesville, VA 22906",37,158610,50509,38.0295,-78.4769,47
254,07438,"Oak Ridge, NJ 07438",32,78355,57512,41.0376,-74.5178,94
255,05760,"Orwell, VT 05760",46,25754,14165,43.7878,-73.2989,3
256,49645,"Kaleva, MI 49645",39,185518,80148,44.3788,-86.0510,44
257,44306,"Akron, OH 44306",40,100394,43840,41.0407,-81.4797,55
258,49969,"Watersmeet, MI 49969",44,166407,88746,46.2154,-89.2407,52
259,47519,"Cannelburg, IN 47519",37,138928,76614,38.6968,-86.9708,47
260,07452,"Glen Rock, NJ 07452",44,33476,19992,40.9606,-74.1232,6
261,09378,"Apo, AE 09378",45,182963,52773,0.0000,0.0000,79
262,31038,"Hillsboro, GA 31038",36,112009,76136,33.1268,-83.6502,85
263,13041,"Clay, NY 13041",43,178356,45002,43.1952,-76.2023,17
264,77350,"Leggett, TX 77350",36,111823,66287,30.8176,-94.8703,56
265,66948,"Jamestown, KS 66948",45,46648,19468,39.6101,-97.8756,4
266,61720,"Anchor, IL 61720",38,183984,86645,40.5294,-88.5169,93
267,29617,"Greenville, SC 29617",36,110291,81059,34.9061,-82.4658,66
268,19430,"Creamery, PA 19430",37,115274,62179,40.2203,-75.4164,33
269,73702,"Enid, OK 73702",44,118949,53034,36.3957,-97.8784,21
270,09596,"Fpo, AE 09596",42,30822,10806,0.0000,0.0000,7
271,18360,"Stroudsburg, PA 18360",38,170988,62072,40.9587,-75.2992,76
272,08270,"Woodbine, NJ 08270",36,71685,53841,39.2836,-74.7872,19
273,44114,"Cleveland, OH 44114",45,101057,91893,41.5177,-81.6752,34
274,23519,"Norfolk, VA 23519",44,129494,80597,36.8503,-76.2873,94
275,36031,"Fort Davis, AL 36031",41,35521,11868,32.2295,-85.7337,5
276,20711,"Lothian, MD 20711",40,169405,97156,38.8009,-76.6447,69
277,79846,"Redford, TX 79846",43,163019,65575,29.4706,-104.0044,43
278,99950,"Ketchikan, AK 99950",39,144619,74582,55.8159,-132.9799,12
279,80745,"Padroni, CO 80745",36,195727,97520,40.8738,-103.3717,7
280,97602,"Klamath Falls, OR 97602",40,28986,11978,42.2251,-121.7796,6
281,76234,"Decatur, TX 76234",44,165358,55617,33.2808,-97.5186,87
282,05765,"Proctor, VT 05765",38,119035,41466,43.6496,-73.0327,5
283,97384,"Mehama, OR 97384",32,158803,43426,44.7905,-122.6181,4
284,67452,"Hunter, KS 67452",43,154421,79640,39.2631,-98.4338,54
285,01001,"Agawam, MA 01001",46,36069,16635,42.0658,-72.6209,4
286,95983,"Taylorsville, CA 95983",34,115088,94163,40.0451,-120.7410,41
287,14627,"Rochester, NY 14627",43,209290,72926,43.1281,-77.6281,39
288,68822,"Broken Bow, NE 68822",38,178647,98123,41.4441,-99.5684,3
289,37912,"Knoxville, TN 37912",39,138432,46783,36.0091,-83.9896,58
290,53154,"Oak Creek, WI 53154",32,34519,18577,42.8863,-87.8886,7
291,31524,"Brunswick, GA 31524",33,122921,92921,31.1497,-81.4917,18
292,72034,"Conway, AR 72034",39,125658,93455,35.0472,-92.4868,5
293,38175,"Memphis, TN 38175",43,150769,75623,35.1497,-90.0487,50
294,28088,"Landis, NC 28088",41,67080,41517,35.5457,-80.6145,40
295,68440,"Steele City, NE 68440",37,35569,15850,40.0450,-96.9829,3
296,94528,"Diablo, CA 94528",43,191205,52983,37.8414,-121.9628,71
297,94539,"Fremont, CA 94539",46,63275,56304,37.5288,-121.9103,71
298,28756,"Mill Spring, NC 28756",33,105304,47525,35.3359,-82.1642,100
299,18916,"Danboro, PA 18916",41,196879,86723,40.3547,-75.1334,81
300,42567,"Eubank, KY 42567",33,32804,17052,37.2612,-84.6120,1
301,08343,"Monroeville, NJ 08343",34,120500,60837,39.6446,-75.1759,48
302,14606,"Rochester, NY 14606",46,138912,95311,43.1719,-77.6923,34
303,47224,"Canaan, IN 47224",33,164630,64063,38.8834,-85.2249,29
304,21265,"Baltimore, MD 21265",38,151464,67517,39.29,-76.6,79
305,77833,"Brenham, TX 77833",46,46978,11447,30.2022,-96.3707,4
306,47740,"Evansville, IN 47740",35,101438,50012,37.9744,-87.5555,11
307,57730,"Custer, SD 57730",37,80700,58508,43.7084,-103.7452,46
308,32820,"Orlando, FL 32820",46,6037,34283,28.5744,-81.0975,43
309,19185,"Philadelphia, PA 19185",41,200040,71881,39.9525,-75.1645,9
310,68417,"Otoe, NE 68417",42,26739,11443,40.7406,-96.0927,7
311,34284,"Venice, FL 34284",44,166661,57487,27.0994,-82.4545,48
312,37012,"Alexandria, TN 37012",35,148763,58755,36.0651,-85.9961,18
313,15288,"Pittsburgh, PA 15288",39,75837,73455,40.44,-79.94,77
314,85074,"Phoenix, AZ 85074",37,169140,96515,33.4486,-112.0733,58
315,85924,"Concho, AZ 85924",36,29183,14480,34.4258,-109.6013,1
316,20726,"Laurel, MD 20726",40,210830,87166,39.0995,-76.8486,70
317,21122,"Pasadena, MD 21122",45,214365,94942,39.1253,-76.5121,17
318,20392,"Washington, DC 20392",41,198910,97085,38.8951,-77.0369,16
319,09371,"Apo, AE 09371",36,67353,58811,0,0,95
320,26337,"Cairo, WV 26337",45,31556,10773,39.2402,-81.1554,3
321,49007,"Kalamazoo, MI 49007",41,182818,84196,42.3009,-85.5941,96
322,97641,"Christmas Valley, OR 97641",39,129795,62990,43.2516,-120.5960,77
323,98668,"Vancouver, WA 98668",35,167400,92878,45.6387,-122.6606,38
324,51520,"Arion, IA 51520",42,120965,73399,41.9647,-95.4549,5
325,19941,"Ellendale, DE 19941",32,27442,16621,38.7917,-75.4124,8
326,24715,"Bramwell, WV 24715",43,133283,63670,37.3378,-81.3320,25
327,78613,"Cedar Park, TX 78613",41,173690,68013,30.4980,-97.8157,46
328,46249,"Indianapolis, IN 46249",38,66235,80666,39.7683,-86.1582,28
329,72840,"Hartman, AR 72840",32,180671,43127,35.4699,-93.6085,87
330,49967,"Trout Creek, MI 49967",40,49587,18018,46.5237,-89.0305,7
331,92546,"Hemet, CA 92546",43,124432,65726,33.7476,-116.9713,1
332,12168,"Stephentown, NY 12168",40,115458,50762,42.5588,-73.3794,68
333,55977,"Taopi, MN 55977",36,202268,88000,43.5580,-92.6289,72
334,24944,"Green Bank, WV 24944",43,176311,97441,38.4017,-79.7692,11
335,68448,"Talmage, NE 68448",33,32653,16033,40.5665,-96.0097,9
336,92195,"San Diego, CA 92195",37,187435,86846,32.7154,-117.1565,42
337,58126,"Fargo, ND 58126",36,191153,83434,46.8774,-96.7895,16
338,07303,"Jersey City, NJ 07303",41,166158,76527,40.7282,-74.0784,55
339,85712,"Tucson, AZ 85712",46,137363,43401,32.2548,-110.8836,10
340,96206,"Apo, AP 96206",46,42130,16251,0.0000,0.0000,6
341,21619,"Chester, MD 21619",41,73283,59841,38.9496,-76.2775,50
342,58484,"Sutton, ND 58484",34,194395,84132,47.3847,-98.4569,74
343,76711,"Waco, TX 76711",32,98372,88725,31.5163,-97.1548,28
344,87325,"Tohatchi, NM 87325",37,213741,60468,35.8298,-108.6579,66
345,65334,"Hughesville, MO 65334",44,30519,11499,38.8495,-93.2210,8
346,61016,"Cherry Valley, IL 61016",40,195019,83635,42.2026,-88.9621,100
347,77404,"Bay City, TX 77404",46,183657,80621,28.9825,-95.9693,71
348,61745,"Heyworth, IL 61745",38,160300,69906,40.3416,-88.9849,64
349,99505,"Jber, AK 99505",37,64016,64266,61.2746,-149.6434,42
350,78573,"Mission, TX 78573",37,31177,16985,26.3003,-98.2976,3
351,67107,"Moundridge, KS 67107",41,105611,70826,38.1885,-97.5188,9
352,94011,"Burlingame, CA 94011",41,160755,97358,37.5844,-122.3650,21
353,08068,"Pemberton, NJ 08068",38,64222,54108,39.9568,-74.6534,42
354,17520,"East Petersburg, PA 17520",42,125426,46462,40.0963,-76.3510,88
355,79835,"Canutillo, TX 79835",38,38080,15450,31.9399,-106.5624,6
356,13409,"Munnsville, NY 13409",43,141307,48363,42.9654,-75.5865,8
357,12184,"Valatie, NY 12184",35,95994,73448,42.4094,-73.6561,99
358,33567,"Plant City, FL 33567",39,63220,79695,27.9178,-82.1246,22
359,56115,"Balaton, MN 56115",40,75035,74415,44.2107,-95.8860,65
360,38046,"La Grange, TN 38046",41,47961,14011,35.0498,-89.2255,3
361,93673,"Traver, CA 93673",46,102994,62815,36.4554,-119.4866,77
362,09250,"Apo, AE 09250",38,61989,96015,0.0000,0.0000,59
363,95488,"Westport, CA 95488",39,87747,42768,39.6886,-123.7213,14
364,07504,"Paterson, NJ 07504",45,148256,46911,40.9112,-74.1431,34
365,58716,"Benedict, ND 58716",37,31348,13199,47.7828,-101.0678,9
366,36441,"Flomaton, AL 36441",44,124669,79514,31.0596,-87.2594,33
367,42461,"Uniontown, KY 42461",44,86419,92689,37.8209,-87.8666,52
368,39095,"Lexington, MS 39095",39,207543,47040,33.1153,-90.1327,81
369,38387,"Westport, TN 38387",38,174779,94042,35.8746,-88.2776,87
370,67031,"Conway Springs, KS 67031",33,34083,16881,37.4023,-97.6211,5
371,17364,"Thomasville, PA 17364",38,150909,69242,39.9272,-76.9003,59
372,76539,"Kempner, TX 76539",42,126291,77886,31.0959,-98.0023,79
373,20611,"Bel Alton, MD 20611",41,113099,69621,38.4668,-76.9745,20
374,55904,"Rochester, MN 55904",39,117577,98027,43.9532,-92.4005,30
375,85324,"Black Canyon City, AZ 85324",33,47561,18325,34.1051,-111.8568,8
376,19850,"Wilmington, DE 19850",35,162434,98063,39.7579,-75.5474,64
377,93673,"Traver, CA 93673",39,112268,57352,36.4554,-119.4866,88
378,58438,"Fessenden, ND 58438",34,167907,42108,47.6674,-99.5945,95
379,71461,"New Llano, LA 71461",42,74875,98777,31.1233,-93.2945,38
380,38025,"Dyersburg, TN 38025",42,42043,15967,36.0345,-89.3858,9
381,25550,"Point Pleasant, WV 25550",36,70217,71150,38.8681,-82.0735,15
382,16353,"Tionesta, PA 16353",41,70557,81257,41.4954,-79.2391,93
383,72427,"Egypt, AR 72427",44,70590,64764,35.8639,-90.9498,87
384,65532,"Lake Spring, MO 65532",46,125095,52663,37.7706,-91.6678,93
385,72034,"Conway, AR 72034",38,34237,14711,35.0472,-92.4868,9
386,60555,"Warrenville, IL 60555",40,119168,67456,41.8257,-88.2047,93
387,91351,"Canyon Country, CA 91351",34,160899,70074,34.4338,-118.4623,11
388,51593,"Harlan, IA 51593",45,169178,70845,41.6500,-95.3300,71
389,35752,"Hollywood, AL 35752",44,86710,56358,34.7476,-85.9375,94
390,39632,"Chatawa, MS 39632",32,47352,16380,31.0542,-90.4647,7
391,25108,"Hewett, WV 25108",44,131443,42473,37.9631,-81.8766,45
392,71027,"Frierson, LA 71027",42,184595,92601,32.2443,-93.6574,47
393,61318,"Compton, IL 61318",36,93017,69121,41.7153,-89.0914,68
394,28353,"Laurinburg, NC 28353",43,126927,48476,34.7736,-79.4632,59
395,32893,"Orlando, FL 32893",34,49968,13291,28.42,-81.3,4
396,73571,"Vinson, OK 73571",41,62564,71616,34.8863,-99.8142,39
397,19720,"New Castle, DE 19720",46,183277,45453,39.6382,-75.5872,32
398,53542,"Hanover, WI 53542",39,149094,77139,42.6388,-89.1619,47
399,75434,"Cunningham, TX 75434",35,160473,93155,33.4091,-95.3710,38
400,79041,"Hale Center, TX 79041",40,44990,13866,34.0795,-101.9271,1
401,97056,"Scappoose, OR 97056",41,187701,43056,45.7996,-122.9738,12
402,46120,"Cloverdale, IN 46120",32,211217,61778,39.5226,-86.7728,19
403,62443,"Mason, IL 62443",46,214714,46312,38.9575,-88.6377,21
404,51433,"Auburn, IA 51433",38,112853,80952,42.2893,-94.8885,13
405,54114,"Crivitz, WI 54114",34,46606,11078,45.2484,-88.1031,1
406,79382,"Wolfforth, TX 79382",39,176917,86475,33.4632,-102.0182,26
407,53293,"Milwaukee, WI 53293",38,86609,85157,43.0389,-87.9065,92
408,42029,"Calvert City, KY 42029",41,210978,91252,37.0072,-88.3905,46
409,10927,"Haverstraw, NY 10927",40,101137,63184,41.1926,-73.9559,2
410,61602,"Peoria, IL 61602",45,41280,15149,40.6828,-89.6054,10
411,79102,"Amarillo, TX 79102",44,114420,72934,35.2016,-101.8446,55
412,72531,"Elizabeth, AR 72531",42,128595,65831,36.3183,-92.1454,14
413,87101,"Albuquerque, NM 87101",43,61165,74999,35.0846,-106.6516,9
414,14874,"Pulteney, NY 14874",36,128953,51986,42.5338,-77.1786,82
415,14041,"Dayton, NY 14041",40,29216,16990,42.3991,-78.9736,4
416,98401,"Tacoma, WA 98401",39,131593,92241,47.2534,-122.4432,83
417,75119,"Ennis, TX 75119",40,126950,47840,32.3314,-96.5771,57
418,75835,"Crockett, TX 75835",45,112837,50243,31.2533,-95.4940,42
419,67334,"Chautauqua, KS 67334",37,128493,90815,37.0262,-96.1777,39
420,56399,"Saint Cloud, MN 56399",40,31129,19463,45.5608,-94.1624,3
421,43287,"Columbus, OH 43287",33,199999,41951,39.9602,-82.9989,84
422,04041,"Hiram, ME 04041",44,136434,55197,43.8665,-70.8122,100
423,15521,"Alum Bank, PA 15521",40,142044,46482,40.2048,-78.6286,13
424,79346,"Morton, TX 79346",40,208515,73348,33.6067,-102.8306,91
425,43113,"Circleville, OH 43113",35,31642,18754,39.5981,-82.9453,10
426,25702,"Huntington, WV 25702",39,124704,42498,38.4433,-82.3448,72
427,46106,"Bargersville, IN 46106",43,132890,71015,39.5070,-86.1951,19
428,29112,"North, SC 29112",42,205812,78899,33.6326,-81.1013,60
429,94621,"Oakland, CA 94621",43,144662,60937,37.7355,-122.2086,41
430,50009,"Altoona, IA 50009",42,37448,19035,41.6435,-93.4623,2
431,06813,"Danbury, CT 06813",43,201371,84978,41.3948,-73.4544,33
432,26886,"Onego, WV 26886",34,202107,81764,38.8345,-79.4432,70
433,39062,"D LO, MS 39062",40,115488,81444,31.9843,-89.9050,2
434,81228,"Granite, CO 81228",45,211943,52572,39.0883,-106.2798,69
435,30415,"Brooklet, GA 30415",44,42588,12391,32.3347,-81.6008,8
436,90313,"Inglewood, CA 90313",39,158583,65859,33.96,-118.35,72
437,66738,"Fulton, KS 66738",33,94843,62541,37.9938,-94.7318,91
438,97308,"Salem, OR 97308",42,154116,71638,44.9431,-123.0336,41
439,42726,"Clarkson, KY 42726",46,173796,73774,37.4374,-86.1416,25
440,79519,"Goldsboro, TX 79519",41,34033,16086,32.0521,-99.6647,9
441,13634,"Dexter, NY 13634",41,193260,41751,44.0167,-76.0861,92
442,06480,"Portland, CT 06480",43,73749,65763,41.5984,-72.5891,33
443,94002,"Belmont, CA 94002",37,131010,95648,37.5138,-122.2963,99
444,25021,"Bim, WV 25021",33,133964,73416,37.8805,-81.7249,40
445,12577,"Salisbury Mills, NY 12577",33,43911,11821,41.4262,-74.1097,1
446,37687,"Roan Mountain, TN 37687",34,153772,90499,36.1847,-82.0998,66
447,06755,"Gaylordsville, CT 06755",39,207616,73351,41.6483,-73.4845,56
448,54245,"Valders, WI 54245",44,143360,87230,44.0249,-87.9099,9
449,53048,"Lomira, WI 53048",41,155989,69276,43.5803,-88.4502,30
450,66203,"Shawnee, KS 66203",44,31755,19512,39.0185,-94.6941,7
451,93241,"Lamont, CA 93241",34,131723,43015,35.2552,-118.9141,92
452,30348,"Atlanta, GA 30348",32,180230,48949,33.7486,-84.3884,36
453,38194,"Memphis, TN 38194",46,137943,52743,35.1497,-90.0487,98
454,98314,"Bremerton, WA 98314",41,145495,58565,47.5580,-122.6425,91
455,56548,"Halstad, MN 56548",38,28366,10251,47.3683,-96.7194,3
456,47464,"Stinesville, IN 47464",37,60402,57232,39.2983,-86.6517,72
457,46660,"South Bend, IN 46660",42,211421,54604,41.6833,-86.2503,86
458,35074,"Green Pond, AL 35074",46,66979,99724,33.2261,-87.1255,74
459,64638,"Dawn, MO 64638",34,159221,84316,39.6762,-93.6007,75
460,64482,"Rock Port, MO 64482",43,32618,13113,40.4460,-95.6026,3
461,45384,"Wilberforce, OH 45384",43,160303,59802,39.7082,-83.8828,53
462,94013,"Daly City, CA 94013",36,17456,35736,37.7,-122.45,41
463,06920,"Stamford, CT 06920",39,129057,45081,41.09,-73.55,60
464,24323,"Crockett, VA 24323",36,62378,42260,36.8717,-81.2052,4
465,45770,"Portland, OH 45770",42,49219,16746,38.9931,-81.8170,6
466,30171,"Rydal, GA 30171",46,177980,75586,34.3644,-84.7468,47
467,78588,"San Isidro, TX 78588",43,139873,78354,26.7314,-98.4144,33
468,24069,"Cascade, VA 24069",44,116233,41925,36.5953,-79.6164,6
469,28056,"Gastonia, NC 28056",35,193566,62931,35.2443,-81.1253,35
470,28408,"Wilmington, NC 28408",33,39013,13031,34.2296,-77.9389,4
471,92336,"Fontana, CA 92336",43,138285,76277,34.1461,-117.4599,85
472,73056,"Marshall, OK 73056",40,123880,67087,36.1150,-97.5861,89
473,18707,"Mountain Top, PA 18707",34,103731,89630,41.1230,-75.9521,29
474,62628,"Chapin, IL 62628",40,101559,51557,39.8023,-90.4015,22
475,27878,"Sharpsburg, NC 27878",39,40988,10324,35.8656,-77.8304,4
476,40555,"Lexington, KY 40555",43,150248,47857,38.0494,-84.5004,75
477,62611,"Arenzville, IL 62611",34,193417,83759,39.8892,-90.4015,63
478,72027,"Center Ridge, AR 72027",43,104830,64063,35.3803,-92.5824,91
479,02645,"Harwich, MA 02645",32,72540,64936,41.7022,-70.0629,79
480,32857,"Orlando, FL 32857",44,26529,14070,28.5382,-81.3795,1
481,39151,"Puckett, MS 39151",33,178526,46831,32.0789,-89.7767,49
482,89512,"Reno, NV 89512",35,131157,95900,39.5542,-119.8014,62
483,54102,"Amberg, WI 54102",32,146339,54611,45.4998,-88.0034,60
484,21060,"Glen Burnie, MD 21060",44,152573,91628,39.1728,-76.5764,44
485,48004,"Anchorville, MI 48004",40,48503,17098,42.6913,-82.6889,4
486,40507,"Lexington, KY 40507",41,199474,76719,38.0459,-84.4970,77
487,48441,"Harbor Beach, MI 48441",43,87912,92462,43.8017,-82.7336,24
488,60101,"Addison, IL 60101",46,173750,94348,41.9309,-88.0140,23
489,24061,"Blacksburg, VA 24061",34,177309,95003,37.2286,-80.4149,42
490,95173,"San Jose, CA 95173",41,32880,15817,37.3353,-121.8938,4
491,62311,"Augusta, IL 62311",35,185221,65324,40.2388,-90.9684,34
492,20617,"Bryantown, MD 20617",32,202472,92124,38.5421,-76.8603,58
493,99751,"Kobuk, AK 99751",38,163727,77057,67.0589,-155.9679,83
494,16918,"Cowanesque, PA 16918",45,163375,53293,41.93,-77.49,65
495,20176,"Leesburg, VA 20176",46,41452,12407,39.1600,-77.5219,3
496,03303,"Concord, NH 03303",35,80891,83767,43.3014,-71.6778,12
497,94103,"San Francisco, CA 94103",32,155535,90145,37.7755,-122.4129,19
498,85381,"Peoria, AZ 85381",40,176415,50061,33.6106,-112.2333,78
499,84072,"Tabiona, UT 84072",36,93934,95360,40.3958,-110.6938,68
500,18428,"Hawley, PA 18428",41,32480,12311,41.4172,-75.1658,5
501,61063,"Pecatonica, IL 61063",38,60465,77926,42.3181,-89.3399,71
502,33614,"Tampa, FL 33614",40,115500,46062,28.0049,-82.5058,20
503,42127,"Cave City, KY 42127",34,124000,87083,37.1246,-85.9088,39
504,83421,"Chester, ID 83421",36,68709,95157,43.9987,-111.5481,95
505,55057,"Northfield, MN 55057",44,38032,19481,44.4627,-93.2060,1
506,60419,"Dolton, IL 60419",34,109772,79992,41.6254,-87.6037,40
507,79720,"Big Spring, TX 79720",44,123643,63647,32.2910,-101.4382,39
508,32117,"Daytona Beach, FL 32117",43,153552,73252,29.2359,-81.0575,14
509,48757,"Reese, MI 48757",35,94470,55282,43.4865,-83.6802,26
510,88262,"Mcdonald, NM 88262",44,29783,17106,33.1445,-103.3607,7
511,57319,"Bridgewater, SD 57319",44,146800,70423,43.5574,-97.4876,62
512,21759,"Ladiesburg, MD 21759",46,94367,68769,39.5765,-77.2653,34
513,49406,"Douglas, MI 49406",42,68140,45209,42.6441,-86.2010,87
514,36425,"Beatrice, AL 36425",44,181884,43256,31.7409,-87.1081,45
515,95019,"Freedom, CA 95019",46,37637,10159,36.9365,-121.7784,2
516,78585,"Salineno, TX 78585",37,185091,70976,26.5157,-99.1125,100
517,27150,"Winston Salem, NC 27150",36,170869,81198,36.1002,-80.2088,35
518,06451,"Meriden, CT 06451",42,78875,88538,41.5384,-72.8188,87
519,15088,"West Elizabeth, PA 15088",45,78216,68392,40.2720,-79.8967,88
520,79742,"Grandfalls, TX 79742",34,37125,19692,31.3745,-102.8862,10
521,49917,"Copper City, MI 49917",32,73643,57505,47.2837,-88.3622,39
522,28265,"Charlotte, NC 28265",43,77858,85958,35.2267,-80.8434,94
523,50541,"Gilmore City, IA 50541",42,130191,54119,42.7036,-94.4334,13
524,78535,"Combes, TX 78535",43,149427,70598,26.2542,-97.7326,64
525,40576,"Lexington, KY 40576",39,45619,19820,38.0494,-84.5004,8
526,95827,"Sacramento, CA 95827",46,203649,51013,38.5558,-121.3242,24
527,50149,"Lorimor, IA 50149",39,142400,71721,41.1480,-94.0809,55
528,44683,"Uhrichsville, OH 44683",43,156727,81741,40.3568,-81.3096,84
529,01936,"Hamilton, MA 01936",46,98296,63267,42.6208,-70.8578,10
530,65340,"Marshall, MO 65340",44,32774,15010,39.0487,-93.1995,3
531,57058,"Salem, SD 57058",44,95583,92836,43.7611,-97.3689,58
532,35119,"New Castle, AL 35119",42,138674,52150,33.6470,-86.7708,49
533,93449,"Pismo Beach, CA 93449",45,102747,60580,35.1564,-120.6599,5
534,19363,"Oxford, PA 19363",40,85335,86697,39.7914,-75.9793,40
535,30660,"Rayle, GA 30660",46,28612,11631,33.7878,-82.9145,6
536,60141,"Hines, IL 60141",42,95319,81737,41.8571,-87.8316,31
537,46563,"Plymouth, IN 46563",45,93705,57314,41.3597,-86.3108,18
538,68123,"Bellevue, NE 68123",45,83517,72074,41.1093,-95.9347,82
539,04841,"Rockland, ME 04841",43,7619,28540,44.1253,-69.1336,36
540,09016,"Apo, AE 09016",38,47114,19447,0.0000,0.0000,10
541,60707,"Elmwood Park, IL 60707",37,207202,57029,41.9232,-87.8092,18
542,21715,"Brownsville, MD 21715",39,125718,96395,39.3817,-77.6607,68
543,27371,"Troy, NC 27371",34,151146,50986,35.4315,-79.9538,88
544,70658,"Reeves, LA 70658",38,182581,60840,30.5325,-93.0217,44
545,79406,"Lubbock, TX 79406",43,46251,14612,33.5850,-101.8796,2
546,78116,"Gillett, TX 78116",46,105447,60644,29.0798,-97.7749,17
547,65081,"Tipton, MO 65081",35,77732,44755,38.6370,-92.7826,30
548,58474,"Oakes, ND 58474",38,189553,59747,46.1094,-98.1325,35
549,04003,"Bailey Island, ME 04003",38,111809,61018,43.7413,-69.9927,49
550,54725,"Boyceville, WI 54725",38,40936,19459,45.0759,-92.0013,1
551,03468,"West Peterborough, NH 03468",39,126385,51089,42.8872,-71.9856,64
552,24701,"Bluefield, WV 24701",37,179146,73405,37.3009,-81.2118,68
553,76055,"Itasca, TX 76055",39,103185,66502,32.1520,-97.1395,75
554,48268,"Detroit, MI 48268",46,163707,97851,42.3317,-83.0456,52
555,61914,"Bethany, IL 61914",32,29324,10079,39.6018,-88.8096,3
556,45325,"Farmersville, OH 45325",41,141435,96283,39.7013,-84.4139,97
557,44032,"Dorset, OH 44032",34,204042,62181,41.6766,-80.6658,18
558,74435,"Gore, OK 74435",33,152336,83482,35.5330,-95.0887,57
559,77261,"Houston, TX 77261",32,204484,45403,29.7632,-95.3633,6
560,71474,"Simpson, LA 71474",35,46134,15584,31.2517,-93.0205,8
561,74960,"Stilwell, OK 74960",43,122729,95687,35.7958,-94.6578,73
562,78257,"San Antonio, TX 78257",45,143249,81494,29.6760,-98.5761,73
563,76041,"Forreston, TX 76041",40,188362,82178,32.2425,-96.8645,12
564,73147,"Oklahoma City, OK 73147",38,61084,72378,35.4678,-97.5164,89
565,26812,"Mathias, WV 26812",42,48898,14310,38.8731,-78.8974,1
566,59344,"Plevna, MT 59344",37,130000,67674,46.4040,-104.5605,45
567,14476,"Kendall, NY 14476",39,197880,85263,43.3308,-78.0306,59
568,18323,"Buck Hill Falls, PA 18323",34,106313,41297,41.2001,-75.2679,30
569,55550,"Young America, MN 55550",36,178340,46503,44.78,-93.91,45
570,99352,"Richland, WA 99352",36,29634,16984,46.2497,-119.3025,3
571,50140,"Lamoni, IA 50140",35,163095,72617,40.6493,-93.9532,36
572,28610,"Claremont, NC 28610",32,98811,94819,35.7350,-81.1388,78
573,30730,"Lyerly, GA 30730",38,189999,46084,34.3710,-85.4218,33
574,97269,"Portland, OR 97269",36,94790,70897,45.4465,-122.6382,45
575,85038,"Phoenix, AZ 85038",46,25940,12052,33.4486,-112.0733,2
576,89595,"Reno, NV 89595",36,191554,66634,39.5297,-119.8129,55
577,27425,"Greensboro, NC 27425",34,98455,83064,36.0728,-79.7939,71
578,13662,"Massena, NY 13662",38,197730,84602,44.9278,-74.9104,34
579,32924,"Cocoa, FL 32924",45,87853,84482,28.3859,-80.7423,30
580,37213,"Nashville, TN 37213",33,49908,10849,36.1679,-86.7623,3
581,38852,"Iuka, MS 38852",35,95000,82722,34.8256,-88.2231,52
582,67545,"Hudson, KS 67545",38,87384,55129,38.1732,-98.5827,98
583,45788,"Whipple, OH 45788",45,120807,58816,39.4956,-81.3669,18
584,29214,"Columbia, SC 29214",32,63821,48934,34.0009,-81.0353,29
585,29379,"Union, SC 29379",41,44524,13507,34.6802,-81.6387,6
586,57650,"Ralph, SD 57650",41,60719,92052,45.8536,-103.0353,23
587,36037,"Greenville, AL 36037",34,141491,83792,31.7442,-86.6464,6
588,26040,"Mcmechen, WV 26040",40,208656,99411,39.9859,-80.7310,32
589,66777,"Toronto, KS 66777",35,137949,88216,37.8359,-95.8748,44
590,32628,"Cross City, FL 32628",33,31154,11187,29.6290,-83.1137,4
591,65036,"Gasconade, MO 65036",36,93334,45477,38.6837,-91.5950,48
592,30058,"Lithonia, GA 30058",33,65956,55908,33.7412,-84.0976,30
593,87012,"Coyote, NM 87012",39,170082,61909,36.1774,-106.6540,74
594,52077,"Volga, IA 52077",45,169276,71811,42.8208,-91.5482,83
595,00804,"St Thomas, VI 00804",35,47634,11163,18.3436,-64.9314,3
596,39339,"Louisville, MS 39339",38,94012,75158,33.1028,-89.0519,32
597,39146,"Pickens, MS 39146",40,151524,50090,32.8894,-89.9890,62
598,61078,"Shannon, IL 61078",40,171643,98511,42.1624,-89.7542,34
599,93305,"Bakersfield, CA 93305",43,142650,61880,35.3907,-118.9879,1
600,64639,"De Witt, MO 64639",37,31003,10164,39.3351,-93.2623,9
601,10030,"New York, NY 10030",44,170374,77441,40.8184,-73.9423,19
602,97068,"West Linn, OR 97068",44,206479,78479,45.3412,-122.6624,10
603,07432,"Midland Park, NJ 07432",38,146805,97534,40.9949,-74.1424,16
604,97836,"Heppner, OR 97836",34,86164,59325,45.3059,-119.5163,78
605,30275,"Sargent, GA 30275",40,25769,18958,33.4357,-84.8701,2
606,60549,"Serena, IL 60549",41,162922,77530,41.4917,-88.7374,79
607,60010,"Barrington, IL 60010",46,115883,90433,42.1585,-88.1570,11
608,41146,"Hitchins, KY 41146",34,66315,69392,38.2748,-82.8894,61
609,63833,"Catron, MO 63833",40,194177,75505,36.6469,-89.7309,60
610,01984,"Wenham, MA 01984",40,27876,10948,42.6020,-70.8729,7
611,23304,"Battery Park, VA 23304",37,155394,90735,36.9918,-76.5696,69
612,06258,"Pomfret, CT 06258",44,89899,96294,41.8975,-71.9631,37
613,39574,"Saucier, MS 39574",37,187992,61656,30.6049,-89.1127,20
614,39704,"Columbus, MS 39704",40,144858,89685,33.6913,-88.3287,37
615,65039,"Hartsburg, MO 65039",39,39902,12111,38.6976,-92.2858,4
616,37037,"Christiana, TN 37037",44,9617,34207,35.6963,-86.3721,37
617,28758,"Mountain Home, NC 28758",46,103802,62608,35.3761,-82.4941,32
618,77275,"Houston, TX 77275",40,132355,41806,29.7632,-95.3633,16
619,48367,"Leonard, MI 48367",40,158158,92656,42.8437,-83.1416,1
620,75480,"Scroggins, TX 75480",39,44186,16218,33.0220,-95.2174,4
621,66863,"Neal, KS 66863",37,152737,41818,37.8305,-96.0586,52
622,60621,"Chicago, IL 60621",38,190995,67621,41.7761,-87.6398,80
623,14031,"Clarence, NY 14031",40,164909,41269,42.9986,-78.6144,72
624,33870,"Sebring, FL 33870",38,178485,74476,27.5006,-81.3824,8
625,14589,"Williamson, NY 14589",44,44721,16801,43.2397,-77.1666,6
626,85306,"Glendale, AZ 85306",41,181185,56025,33.6249,-112.1770,76
627,57337,"Fedora, SD 57337",33,200532,61750,43.9802,-97.7908,56
628,08322,"Franklinville, NJ 08322",41,116125,56507,39.6183,-75.0377,97
629,29838,"Modoc, SC 29838",40,107749,51789,33.7246,-82.1884,13
630,74145,"Tulsa, OK 74145",44,25832,10051,36.0972,-95.8866,10
631,05867,"Sutton, VT 05867",43,147658,62943,44.6643,-72.0420,46
632,70898,"Baton Rouge, LA 70898",32,107021,46128,30.4506,-91.1547,49
633,83709,"Boise, ID 83709",42,204420,57255,43.5605,-116.2891,21
634,29832,"Johnston, SC 29832",46,63728,57090,33.7919,-81.8053,6
635,41826,"Jeremiah, KY 41826",46,32724,16655,37.1747,-82.9278,6
636,92009,"Carlsbad, CA 92009",43,128842,85408,33.0957,-117.2440,60
637,24130,"Oriskany, VA 24130",45,147383,66324,37.6177,-79.9846,47
638,76192,"Fort Worth, TX 76192",42,134409,80601,32.7254,-97.3208,1
639,06405,"Branford, CT 06405",41,60631,83829,41.2832,-72.7964,63
640,47112,"Corydon, IN 47112",46,26065,18221,38.1850,-86.1533,3
641,66117,"Kansas City, KS 66117",32,94582,68549,39.1222,-94.6287,31
642,54616,"Blair, WI 54616",35,106631,69111,44.3116,-91.2515,77
643,73853,"Mutual, OK 73853",38,106318,56880,36.2324,-99.0890,80
644,66653,"Topeka, KS 66653",36,108292,88644,39.05,-95.67,25
645,64844,"Granby, MO 64844",43,27794,10409,36.9080,-94.2495,1
646,15301,"Washington, PA 15301",39,211991,52151,40.1552,-80.2484,53
647,64674,"Purdin, MO 64674",36,129418,51831,39.9675,-93.1508,18
648,73179,"Oklahoma City, OK 73179",40,189508,65906,35.4169,-97.6451,22
649,94803,"El Sobrante, CA 94803",34,191776,65605,37.9629,-122.2815,60
650,85172,"Stanfield, AZ 85172",32,32475,19408,32.9363,-111.9284,9
651,84331,"Portage, UT 84331",39,208316,75802,41.9435,-112.1688,71
652,47878,"Seelyville, IN 47878",41,155017,91824,39.4921,-87.2651,73
653,19374,"Toughkenamon, PA 19374",43,195124,64158,39.8261,-75.7563,41
654,90833,"Long Beach, CA 90833",36,214884,90225,33.7808,-118.1589,17
655,76577,"Thorndale, TX 76577",41,38911,10401,30.5852,-97.1663,7
656,07866,"Rockaway, NJ 07866",40,60910,45595,40.9577,-74.4919,72
657,33435,"Boynton Beach, FL 33435",35,210748,58314,26.5241,-80.0642,4
658,43431,"Gibsonburg, OH 43431",32,105844,49768,41.3923,-83.3292,45
659,31077,"Rhine, GA 31077",36,60291,87154,31.9895,-83.2076,45
660,19067,"Morrisville, PA 19067",44,49929,10958,40.1949,-74.8096,7
661,34711,"Clermont, FL 34711",40,145568,86790,28.5196,-81.7483,83
662,43985,"Holloway, OH 43985",35,120842,75304,40.1625,-81.1325,4
663,09467,"Dpo, AE 09467",32,77376,75136,0.0000,0.0000,89
664,60601,"Chicago, IL 60601",40,138443,50035,41.8850,-87.6224,51
665,45776,"Shade, OH 45776",34,36460,15207,39.1862,-82.0217,8
666,36532,"Fairhope, AL 36532",45,142440,73417,30.4824,-87.8670,70
667,50858,"Orient, IA 50858",42,182801,60915,41.2233,-94.4231,68
668,47342,"Gaston, IN 47342",33,170650,91568,40.3101,-85.5026,95
669,55614,"Silver Bay, MN 55614",42,142703,80218,47.3681,-91.3513,55
670,33429,"Boca Raton, FL 33429",41,26213,11277,26.3583,-80.0834,4
671,55613,"Schroeder, MN 55613",46,112807,86334,47.6764,-90.9481,79
672,10106,"New York, NY 10106",43,207612,59137,40.7668,-73.9822,16
673,77879,"Somerville, TX 77879",41,204704,44034,30.4272,-96.4985,21
674,12814,"Bolton Landing, NY 12814",45,133603,54059,43.6060,-73.6329,5
675,74003,"Bartlesville, OK 74003",44,27387,19436,36.7377,-96.0814,5
676,12784,"Thompsonville, NY 12784",36,214473,93454,41.6673,-74.6179,25
677,53820,"Potosi, WI 53820",39,179191,53297,42.6722,-90.7262,71
678,18221,"Drifton, PA 18221",46,177137,64285,41.0016,-75.9088,92
679,29147,"State Park, SC 29147",39,160075,66016,34.0906,-80.9667,41
680,63012,"Barnhart, MO 63012",41,35769,15954,38.3261,-90.4495,10
681,15717,"Blairsville, PA 15717",39,184098,70173,40.4627,-79.2080,36
682,30571,"Sautee Nacoochee, GA 30571",34,134995,42853,34.7187,-83.7068,97
683,29370,"Mountville, SC 29370",43,193035,45823,34.3533,-81.9575,27
684,12506,"Bangall, NY 12506",39,140999,80084,41.8757,-73.6919,12
685,98315,"Silverdale, WA 98315",37,34357,14079,47.7244,-122.7192,2
686,38314,"Jackson, TN 38314",35,124905,83414,35.5761,-88.8215,79
687,50398,"Urbandale, IA 50398",33,182650,93727,41.5776,-93.7363,56
688,34060,"Dpo, AA 34060",37,86722,78335,0.0000,0.0000,37
689,81133,"Fort Garland, CO 81133",38,148526,74729,37.4745,-105.3396,79
690,35279,"Birmingham, AL 35279",32,40944,19360,33.42,-86.78,10
691,71971,"Umpire, AR 71971",35,134549,96087,34.2735,-94.0958,95
692,23805,"Petersburg, VA 23805",35,205625,78726,37.1175,-77.4059,44
693,63363,"New Florence, MO 63363",43,18922,22136,38.8765,-91.5167,41
694,89406,"Fallon, NV 89406",39,189201,70350,39.5380,-118.3436,41
695,34270,"Tallevast, FL 34270",35,29228,14287,27.4024,-82.5427,6
696,97227,"Portland, OR 97227",35,193947,52998,45.5403,-122.6770,42
697,22604,"Winchester, VA 22604",32,149608,46152,39.3103,-78.3200,90
698,76132,"Fort Worth, TX 76132",46,186452,67060,32.6707,-97.4158,18
699,54981,"Waupaca, WI 54981",35,206233,41177,44.3123,-89.1307,93
700,42056,"La Center, KY 42056",37,38025,12368,37.0963,-88.9874,5
701,02132,"West Roxbury, MA 02132",33,151940,57180,42.2793,-71.1659,15
702,13362,"Knoxboro, NY 13362",44,100031,85729,42.9865,-75.5176,72
703,66608,"Topeka, KS 66608",38,193290,73545,39.0759,-95.6793,18
704,23601,"Newport News, VA 23601",32,186098,89845,37.0468,-76.4853,98
705,77473,"San Felipe, TX 77473",34,43101,14563,29.8018,-96.1015,4
706,05682,"Worcester, VT 05682",35,132347,57866,44.3977,-72.5726,71
707,50583,"Sac City, IA 50583",46,90983,61735,42.4501,-94.9827,15
708,20373,"Naval Anacost Annex, DC 20373",34,198312,77201,38.8951,-77.0369,98
709,30710,"Cohutta, GA 30710",46,119101,54609,34.9412,-84.9110,21
710,86035,"Leupp, AZ 86035",43,43199,11447,35.3672,-110.9975,4
711,84403,"Ogden, UT 84403",41,213860,45051,41.1763,-111.9130,30
712,28557,"Morehead City, NC 28557",36,81504,99034,34.7389,-76.7664,23
713,49227,"Allen, MI 49227",35,93417,79134,41.9528,-84.7679,50
714,13674,"Pierrepont Manor, NY 13674",45,157370,64932,43.7353,-76.0592,69
715,50531,"Dolliver, IA 50531",35,25773,11648,43.4502,-94.6203,3
716,19404,"Norristown, PA 19404",33,210213,41391,40.1215,-75.3405,62
717,36473,"Range, AL 36473",43,200511,60346,31.3232,-87.3163,24
718,35128,"Pell City, AL 35128",41,143659,76572,33.5422,-86.3488,86
719,98934,"Kittitas, WA 98934",39,138137,74648,46.9831,-120.4179,22
720,43606,"Toledo, OH 43606",42,26836,13838,41.6743,-83.6029,8
721,94720,"Berkeley, CA 94720",46,136703,99115,37.8746,-122.2547,59
722,49031,"Cassopolis, MI 49031",39,141847,87976,41.9005,-85.9929,40
723,23919,"Bracey, VA 23919",37,90329,58807,36.5962,-78.1437,51
724,20076,"Washington, DC 20076",35,66584,61523,38.8950,-77.0367,76
725,67152,"Wellington, KS 67152",34,35538,19584,37.2800,-97.3857,4
726,37018,"Beechgrove, TN 37018",44,95290,45351,35.6462,-86.1927,99
727,27358,"Summerfield, NC 27358",45,107137,87630,36.2289,-79.8723,5
728,58231,"Fordville, ND 58231",38,102004,93540,48.2166,-97.8601,41
729,17260,"Shirleysburg, PA 17260",38,70361,71277,40.3210,-77.8451,66
730,48749,"Omer, MI 48749",32,34852,17128,44.0659,-83.8569,5
731,72403,"Jonesboro, AR 72403",40,139140,68719,35.8425,-90.7044,37
732,71764,"Stephens, AR 71764",41,88143,72606,33.4217,-93.0337,19
733,25140,"Naoma, WV 25140",32,103010,84143,37.8603,-81.5579,11
734,21056,"Gibson Island, MD 21056",46,130754,94995,39.0753,-76.4335,26
735,78238,"San Antonio, TX 78238",43,39796,15299,29.4738,-98.6122,6
736,44826,"Collins, OH 44826",39,172903,67904,41.2248,-82.4925,94
737,75645,"Gilmer, TX 75645",37,151641,87627,32.6862,-94.8936,100
738,68834,"Eddyville, NE 68834",33,151333,46712,41.0033,-99.7038,56
739,05071,"South Woodstock, VT 05071",33,88459,54176,43.5636,-72.5701,16
740,29487,"Wadmalaw Island, SC 29487",37,48544,13556,32.6510,-80.1714,3
741,45877,"Pandora, OH 45877",33,106797,59221,40.9450,-83.9381,8
742,84332,"Providence, UT 84332",42,104504,83689,41.6732,-111.8145,96
743,48656,"Saint Helen, MI 48656",42,107849,65467,44.3737,-84.4564,54
744,48466,"Peck, MI 48466",35,182182,52875,43.2749,-82.8123,26
745,60564,"Naperville, IL 60564",40,49748,19089,41.7036,-88.2007,5
746,49232,"Camden, MI 49232",38,135513,42134,41.7470,-84.6438,49
747,35186,"Wilsonville, AL 35186",40,176007,49265,33.2611,-86.5104,48
748,21718,"Burkittsville, MD 21718",34,104084,85581,39.3958,-77.6330,2
749,27615,"Raleigh, NC 27615",35,116258,56349,35.9022,-78.6277,48
750,99661,"Sand Point, AK 99661",33,29215,17167,55.2642,-160.5855,7
751,97292,"Portland, OR 97292",35,162089,61602,45.5239,-122.6751,87
752,37137,"Nunnelly, TN 37137",38,85915,76069,35.8802,-87.5029,26
753,25571,"West Hamlin, WV 25571",44,149036,41651,38.2964,-82.1862,69
754,60450,"Morris, IL 60450",44,66704,90528,41.3674,-88.4247,93
755,56626,"Bena, MN 56626",34,42964,16585,47.3253,-94.2019,1
756,83333,"Hailey, ID 83333",43,65484,55476,43.6001,-114.2518,29
757,34267,"Fort Ogden, FL 34267",35,130880,98377,27.0866,-81.9786,87
758,36744,"Greensboro, AL 36744",42,194468,57196,32.7079,-87.6170,82
759,03449,"Hancock, NH 03449",46,176148,65889,42.9754,-71.9962,58
760,24024,"Roanoke, VA 24024",33,38434,12562,37.2709,-79.9418,2
761,97461,"Noti, OR 97461",34,168614,47410,44.1395,-123.5145,8
762,46069,"Sheridan, IN 46069",45,196957,80702,40.1324,-86.2470,69
763,58733,"Des Lacs, ND 58733",46,78533,60454,48.1678,-101.6092,18
764,33328,"Fort Lauderdale, FL 33328",33,155128,74615,26.0688,-80.2728,74
765,46350,"La Porte, IN 46350",37,42987,13464,41.6218,-86.7393,9
766,44236,"Hudson, OH 44236",39,115177,74718,41.2444,-81.4626,8
767,23040,"Cumberland, VA 23040",43,105927,96046,37.5257,-78.2581,53
768,33759,"Clearwater, FL 33759",35,138879,97478,27.9833,-82.6899,48
769,45062,"Seven Mile, OH 45062",42,133764,55473,39.4774,-84.5543,75
770,67853,"Ingalls, KS 67853",33,36891,16744,37.8762,-100.5282,6
771,70601,"Lake Charles, LA 70601",46,124678,87938,30.2400,-93.2270,52
772,71343,"Jonesville, LA 71343",38,100711,55219,31.4962,-91.8028,84
773,13452,"Saint Johnsville, NY 13452",39,160578,78314,43.0434,-74.6105,12
774,26671,"Gilboa, WV 26671",44,89732,92868,38.3073,-80.9279,44
775,68323,"Burchard, NE 68323",45,49619,14125,40.0881,-96.3504,4
776,78471,"Corpus Christi, TX 78471",36,150338,57290,27.8,-97.39,3
777,51231,"Archer, IA 51231",37,152787,92014,43.0989,-95.7428,10
778,54848,"Ladysmith, WI 54848",44,204292,65844,45.5017,-91.0948,72
779,41011,"Covington, KY 41011",36,213119,87871,39.0652,-84.5295,52
780,69025,"Curtis, NE 69025",41,31265,12151,40.6019,-100.5010,6
781,65725,"Pleasant Hope, MO 65725",39,76903,88113,37.4211,-93.2605,91
782,38877,"Van Vleet, MS 38877",46,145211,90058,33.9829,-88.8985,16
783,63341,"Defiance, MO 63341",44,162346,72916,38.6595,-90.7762,21
784,52593,"Udell, IA 52593",33,180047,98052,40.7791,-92.7461,95
785,40874,"Warbranch, KY 40874",44,35633,15950,36.9905,-83.4737,10
786,50632,"Garwin, IA 50632",45,119351,63572,42.0724,-92.7276,64
787,21670,"Templeville, MD 21670",43,125657,64736,39.1364,-75.7666,54
788,72773,"Wesley, AR 72773",34,158670,63004,35.9225,-93.8941,9
789,39332,"Hickory, MS 39332",35,189752,45162,32.3171,-89.0224,83
790,44907,"Mansfield, OH 44907",44,37948,15490,40.7256,-82.5274,4
791,61814,"Bismarck, IL 61814",39,98960,76648,40.2314,-87.5767,25
792,81303,"Durango, CO 81303",41,116385,83023,37.1449,-107.8777,83
793,57220,"Bruce, SD 57220",39,151449,79326,44.4566,-96.9070,29
794,28546,"Jacksonville, NC 28546",34,200440,81076,34.8176,-77.3751,72
795,13215,"Syracuse, NY 13215",43,33906,18421,42.9714,-76.2322,2
796,49833,"Little Lake, MI 49833",43,104419,90857,46.1111,-87.4406,37
797,17827,"Freeburg, PA 17827",36,166831,57669,40.7622,-76.9444,83
798,29466,"Mount Pleasant, SC 29466",46,197225,45394,32.8618,-79.7958,39
799,54311,"Green Bay, WI 54311",36,168586,49356,44.5195,-87.9028,85
800,80614,"Eastlake, CO 80614",42,38926,17167,39.9239,-104.9606,5
801,60107,"Streamwood, IL 60107",40,116299,66995,42.0208,-88.1812,89
802,94127,"San Francisco, CA 94127",35,131122,94296,37.7324,-122.4574,36
803,25706,"Huntington, WV 25706",34,185202,72754,38.4195,-82.4455,24
804,48303,"Bloomfield Hills, MI 48303",32,139127,62053,42.5836,-83.2458,58
805,97626,"Fort Klamath, OR 97626",46,26074,14954,42.6437,-122.0354,10
806,60952,"Melvin, IL 60952",43,190512,95439,40.5597,-88.2430,31
807,16855,"Mineral Springs, PA 16855",34,118853,97786,40.9983,-78.3735,7
808,96063,"Mineral, CA 96063",32,78151,55202,40.3495,-121.5132,79
809,69151,"Maxwell, NE 69151",39,211613,75697,41.0036,-100.5118,90
810,60477,"Tinley Park, IL 60477",42,39155,14412,41.5673,-87.7754,6
811,70645,"Hackberry, LA 70645",34,159035,67206,29.9673,-93.4666,6
812,52620,"Bonaparte, IA 52620",44,205987,71322,40.7405,-91.7763,26
813,27526,"Fuquay Varina, NC 27526",46,206931,98255,35.5435,-78.8328,29
814,18414,"Dalton, PA 18414",46,152573,50161,41.5411,-75.7323,22
815,59847,"Lolo, MT 59847",43,33920,17047,46.7596,-114.3675,3
816,49922,"Dollar Bay, MI 49922",46,200821,80535,47.1204,-88.4762,83
817,19401,"Norristown, PA 19401",39,134617,49027,40.1311,-75.3316,8
818,01062,"Florence, MA 01062",43,101732,80888,42.3301,-72.6927,24
819,10520,"Croton On Hudson, NY 10520",32,73632,69070,41.2092,-73.8788,14
820,31733,"Chula, GA 31733",41,46010,10295,31.5871,-83.5086,1
821,76579,"Troy, TX 76579",36,185999,71789,31.1980,-97.2700,20
822,70538,"Franklin, LA 70538",44,125647,93222,29.6993,-91.6261,58
823,80731,"Haxtun, CO 80731",34,198069,47088,40.6449,-102.5921,71
824,87131,"Albuquerque, NM 87131",45,172803,86593,35.0912,-106.6203,66
825,20010,"Washington, DC 20010",34,38939,11867,38.9330,-77.0301,1
826,11020,"Great Neck, NY 11020",36,113941,89416,40.7719,-73.7125,3
827,05746,"Gaysville, VT 05746",34,91706,69678,43.7106,-72.7547,24
828,43942,"Powhatan Point, OH 43942",46,150918,86814,39.8711,-80.8474,24
829,04640,"Hancock, ME 04640",39,112229,61662,44.5008,-68.2412,27
830,52235,"Hills, IA 52235",32,33143,13192,41.5546,-91.5353,10
831,45863,"Middle Point, OH 45863",45,141110,84723,40.8993,-84.4445,49
832,36470,"Perdue Hill, AL 36470",44,80801,69803,31.4971,-87.5431,47
833,55395,"Winsted, MN 55395",32,206640,96606,44.9542,-94.0708,26
834,37097,"Lobelville, TN 37097",40,156363,98296,35.7462,-87.8758,77
835,50846,"Fontanelle, IA 50846",43,48533,10932,41.2876,-94.5602,2
836,52171,"Waucoma, IA 52171",32,190725,60047,43.0854,-92.0327,29
837,32570,"Milton, FL 32570",37,174141,45294,30.7999,-86.9860,13
838,14638,"Rochester, NY 14638",44,176814,74149,43.1544,-77.6155,22
839,17982,"Tuscarora, PA 17982",43,137361,70130,40.7857,-76.0288,96
840,34068,"Dpo, AA 34068",42,29369,11264,0.0000,0.0000,5
841,63111,"Saint Louis, MO 63111",45,121922,70744,38.5564,-90.2471,2
842,04453,"Lagrange, ME 04453",40,129175,63410,45.2121,-68.8244,100
843,40870,"Totz, KY 40870",34,94828,51555,36.9320,-83.1424,2
844,17011,"Camp Hill, PA 17011",36,188853,67840,40.2381,-76.9248,98
845,75081,"Richardson, TX 75081",43,40573,11196,32.9494,-96.7156,4
846,26435,"Simpson, WV 26435",43,117756,87259,39.2693,-80.0906,22
847,30296,"Riverdale, GA 30296",41,23284,31380,33.5537,-84.4527,36
848,99641,"Nunapitchuk, AK 99641",46,123558,44885,60.8864,-162.3317,92
849,13802,"Maine, NY 13802",41,195198,61342,42.2252,-76.0586,8
850,43953,"Steubenville, OH 43953",42,31607,19162,40.3494,-80.6971,6
851,57065,"Trent, SD 57065",46,196617,75240,43.8914,-96.6110,54
852,39167,"Star, MS 39167",42,104249,55310,32.0938,-90.0464,76
853,86020,"Cameron, AZ 86020",39,214677,47666,36.0559,-111.4498,31
854,23966,"Rice, VA 23966",34,80590,44607,37.3070,-78.2837,24
855,98386,"Southworth, WA 98386",45,42492,12551,47.5125,-122.5009,8
856,06811,"Danbury, CT 06811",35,194789,49395,41.4238,-73.4792,17
857,27265,"High Point, NC 27265",34,147554,92175,36.0119,-80.0392,26
858,48455,"Metamora, MI 48455",32,164480,76300,42.9432,-83.3018,89
859,01901,"Lynn, MA 01901",41,191752,60637,42.4605,-70.9461,40
860,58581,"Zeeland, ND 58581",32,25536,14602,46.0643,-99.7756,5
861,20883,"Gaithersburg, MD 20883",42,93297,63298,39.1743,-77.1915,29
862,95224,"Avery, CA 95224",42,171888,76657,38.2236,-120.3347,37
863,38953,"Scobey, MS 38953",42,211709,44109,33.9047,-89.8493,40
864,68354,"Fairmont, NE 68354",43,172934,78599,40.6623,-97.5966,96
865,92427,"San Bernardino, CA 92427",39,44877,19360,34.1216,-117.3022,9
866,74159,"Tulsa, OK 74159",42,99277,59158,36.1537,-95.9926,42
867,45320,"Eaton, OH 45320",42,132140,56628,39.7413,-84.6707,49
868,96705,"Eleele, HI 96705",32,63971,86029,21.9061,-159.5465,73
869,03241,"Hebron, NH 03241",34,161341,52552,43.7217,-71.8340,33
870,47138,"Lexington, IN 47138",41,35588,11032,38.6801,-85.5947,5
871,82008,"Cheyenne, WY 82008",40,161747,49622,41.14,-104.79,85
872,37848,"Powder Springs, TN 37848",40,93338,65422,36.2342,-83.6812,73
873,70038,"Boothville, LA 70038",45,148645,99450,29.3079,-89.3819,63
874,18431,"Honesdale, PA 18431",35,92639,70026,41.6293,-75.2374,54
875,21797,"Woodbine, MD 21797",38,38117,18107,39.3526,-77.0778,2
876,09762,"Dpo, AE 09762",45,142834,99200,0.0000,0.0000,44
877,44490,"Washingtonville, OH 44490",39,207659,90016,40.8979,-80.7665,32
878,90808,"Long Beach, CA 90808",34,63050,46204,33.8287,-118.1102,1
879,16821,"Allport, PA 16821",44,159493,61248,40.9576,-78.1975,27
880,81136,"Hooper, CO 81136",42,43116,15196,37.7073,-105.8554,1
881,38917,"Carrollton, MS 38917",36,108740,74758,33.5330,-89.9835,21
882,35806,"Huntsville, AL 35806",34,98154,46519,34.7592,-86.6896,52
883,70821,"Baton Rouge, LA 70821",42,145104,85718,30.4506,-91.1547,54
884,63164,"Saint Louis, MO 63164",33,98669,45365,38.6272,-90.1978,14
885,05679,"Williamstown, VT 05679",36,45424,15058,44.1022,-72.5483,7
886,77982,"Port O Connor, TX 77982",33,61933,45369,28.4310,-96.4492,40
887,49456,"Spring Lake, MI 49456",34,159741,45488,43.0787,-86.1961,72
888,95124,"San Jose, CA 95124",38,138815,72436,37.2554,-121.9254,6
889,35894,"Huntsville, AL 35894",41,137794,95821,34.7305,-86.5863,63
890,12512,"Chelsea, NY 12512",41,49696,13553,41.5539,-73.9673,2
891,33243,"Miami, FL 33243",45,115093,94177,25.7736,-80.1937,66
892,39305,"Meridian, MS 39305",39,143523,92694,32.4805,-88.7106,20
893,49031,"Cassopolis, MI 49031",32,79582,59966,41.9005,-85.9929,10
894,67645,"Lenora, KS 67645",35,92895,44345,39.6974,-99.9041,69
895,75462,"Paris, TX 75462",41,30610,19204,33.6647,-95.4765,10
896,30499,"Reidsville, GA 30499",44,91064,79499,32.0864,-82.1181,54
897,33401,"West Palm Beach, FL 33401",39,155951,87796,26.7197,-80.0695,77
898,08620,"Trenton, NJ 08620",41,123250,79403,40.1620,-74.6510,38
899,20015,"Washington, DC 20015",40,128300,72865,38.9683,-77.0650,78
900,12853,"North Creek, NY 12853",33,46626,11522,43.6891,-73.9412,9
901,99260,"Spokane, WA 99260",35,163243,63659,47.6588,-117.4250,54
902,16434,"Spartansburg, PA 16434",43,203647,76941,41.7862,-79.6975,68
903,29435,"Cottageville, SC 29435",38,121108,64087,32.9580,-80.4707,67
904,54767,"Spring Valley, WI 54767",41,166312,97997,44.8379,-92.2559,55
905,27540,"Holly Springs, NC 27540",35,44520,14941,35.6046,-78.8612,4
906,48619,"Comins, MI 48619",33,70619,97790,44.8215,-84.0099,89
907,78788,"Austin, TX 78788",33,77183,79217,30.26,-97.74,28
908,68135,"Omaha, NE 68135",36,158036,79771,41.2057,-96.1944,30
909,68046,"Papillion, NE 68046",32,189441,43164,41.1176,-96.0685,2
910,17772,"Turbotville, PA 17772",46,36181,16469,41.1093,-76.7152,2
911,22481,"Jersey, VA 22481",37,70304,63286,38.2114,-77.1397,73
912,58455,"Kensal, ND 58455",37,72548,94497,47.2763,-98.7211,47
913,70450,"Mount Hermon, LA 70450",41,121827,62073,30.9182,-90.2701,91
914,47470,"Williams, IN 47470",46,185731,82765,38.7849,-86.6662,58
915,78427,"Corpus Christi, TX 78427",42,28346,16628,27.8006,-97.3964,2
916,64648,"Jamesport, MO 64648",43,156050,51515,39.9844,-93.7446,28
917,61459,"Marietta, IL 61459",45,144019,69982,40.4962,-90.4083,50
918,05620,"Montpelier, VT 05620",41,120417,54018,44.2601,-72.5759,1
919,18626,"Laporte, PA 18626",36,124959,94188,41.4325,-76.5030,60
920,57709,"Rapid City, SD 57709",36,28049,19345,44.0806,-103.2309,5
921,45416,"Dayton, OH 45416",46,161542,89973,39.8068,-84.2547,97
922,07933,"Gillette, NJ 07933",37,90180,88320,40.6983,-74.4738,36
923,02476,"Arlington, MA 02476",32,88139,92775,42.4151,-71.1766,6
924,46018,"Anderson, IN 46018",34,15580,28650,40.1056,-85.6805,45
925,84531,"Mexican Hat, UT 84531",34,39727,14988,37.1591,-109.9986,7
926,88341,"Nogal, NM 88341",36,176539,91733,33.5040,-105.7370,73
927,96033,"French Gulch, CA 96033",37,60733,84575,40.7100,-122.5828,30
928,70727,"Denham Springs, LA 70727",44,70343,74350,30.4864,-90.9561,90
929,62284,"Smithboro, IL 62284",40,176037,97189,38.8878,-89.3201,87
930,42084,"Tolu, KY 42084",40,46466,13812,37.43,-88.25,6
931,13847,"Trout Creek, NY 13847",45,71294,42287,42.2036,-75.2798,76
932,37312,"Cleveland, TN 37312",46,187121,54932,35.2269,-84.8733,85
933,71406,"Belmont, LA 71406",35,99981,89546,31.7178,-93.5338,58
934,35756,"Madison, AL 35756",32,187697,86254,34.6564,-86.8144,90
935,45896,"Waynesfield, OH 45896",34,46984,19076,40.6064,-83.9242,6
936,31209,"Macon, GA 31209",37,102326,59632,32.8407,-83.6325,9
937,14415,"Bellona, NY 14415",34,95184,66338,42.7544,-77.0218,12
938,90715,"Lakewood, CA 90715",40,149189,88321,33.8406,-118.0788,32
939,80002,"Arvada, CO 80002",36,158455,90924,39.7934,-105.1000,76
940,73430,"Burneyville, OK 73430",39,40417,18327,33.9624,-97.3278,3
941,88103,"Cannon AFB, NM 88103",45,60321,84671,34.3845,-103.3164,38
942,29147,"State Park, SC 29147",36,186681,58108,34.0906,-80.9667,21
943,83802,"Avery, ID 83802",45,112675,90504,47.2596,-115.8394,62
944,23959,"Phenix, VA 23959",36,126911,98371,37.0975,-78.8043,62
945,96136,"Wendel, CA 96136",42,33980,17983,40.3762,-120.2907,4
946,71109,"Shreveport, LA 71109",38,112114,95728,32.4617,-93.8132,40
947,48701,"Akron, MI 48701",45,141811,84567,43.5882,-83.5558,75
948,62340,"Griggsville, IL 62340",45,206457,49511,39.7083,-90.7077,12
949,41562,"Shelbiana, KY 41562",38,160249,49422,37.3810,-82.4758,91
950,60010,"Barrington, IL 60010",33,45737,13064,42.1585,-88.1570,7
951,38559,"Doyle, TN 38559",46,174402,94388,35.8391,-85.5144,78
952,27814,"Blounts Creek, NC 27814",41,188874,57661,35.3852,-76.9261,86
953,39066,"Edwards, MS 39066",32,98272,72951,32.3034,-90.5927,82
954,21226,"Curtis Bay, MD 21226",37,199829,75643,39.2070,-76.5620,46
955,96720,"Hilo, HI 96720",40,38970,19807,19.6829,-155.2732,10
956,36118,"Montgomery, AL 36118",33,102801,49280,32.3667,-86.3002,41
957,99301,"Pasco, WA 99301",33,171499,58033,46.4659,-118.7344,78
958,35972,"Gallant, AL 35972",43,185768,94086,33.9938,-86.2349,49
959,49893,"Wallace, MI 49893",37,139763,89196,45.2745,-87.5860,76
960,99801,"Juneau, AK 99801",35,28572,19102,58.3801,-134.1775,2
961,80128,"Littleton, CO 80128",32,184825,80780,39.5705,-105.0825,2
962,70560,"New Iberia, LA 70560",36,187063,86542,29.9088,-91.8623,82
963,16750,"Turtlepoint, PA 16750",41,190418,73422,41.8814,-78.3235,55
964,36275,"Spring Garden, AL 36275",35,118373,94605,33.9728,-85.5537,10
965,65058,"Meta, MO 65058",35,47817,10544,38.2550,-92.1390,10
966,98377,"Randle, WA 98377",41,144581,85708,46.5857,-121.7587,54
967,20816,"Bethesda, MD 20816",37,123406,63741,38.9540,-77.1355,89
968,34605,"Brooksville, FL 34605",41,159608,97626,28.5551,-82.3882,5
969,17822,"Danville, PA 17822",37,187784,86364,40.9634,-76.6134,1
970,65711,"Mountain Grove, MO 65711",33,40729,19637,37.2659,-92.2697,2
971,93717,"Fresno, CA 93717",44,89814,54937,36.7475,-119.7716,100
972,27046,"Sandy Ridge, NC 27046",32,135680,58730,36.4801,-80.0962,90
973,16021,"Branchton, PA 16021",32,120760,78023,41.0728,-79.9855,52
974,62518,"Chestnut, IL 62518",41,76160,67811,40.0571,-89.1990,86
975,29002,"Ballentine, SC 29002",39,34297,15296,34.1245,-81.2375,9
976,71340,"Harrisonburg, LA 71340",35,60886,96122,31.7804,-91.8885,74
977,13345,"Greig, NY 13345",43,181736,87558,43.6835,-75.3146,64
978,42541,"Middleburg, KY 42541",36,214720,83108,37.3837,-84.8054,77
979,16373,"Emlenton, PA 16373",42,144687,97332,41.2111,-79.7157,45
980,65079,"Sunrise Beach, MO 65079",36,34660,10872,38.1490,-92.7249,10
981,77552,"Galveston, TX 77552",43,85714,60798,29.3121,-94.7644,93
982,32832,"Orlando, FL 32832",42,161115,98530,28.4000,-81.1796,97
983,22548,"Sharps, VA 22548",36,74209,41059,37.8252,-76.7047,40
984,72554,"Mammoth Spring, AR 72554",35,177308,82385,36.3760,-91.5654,14
985,66732,"Elsmore, KS 66732",41,32325,19455,37.8052,-95.1984,3
986,09140,"Apo, AE 09140",39,104211,50013,0.0000,0.0000,30
987,73491,"Velma, OK 73491",34,151226,75733,34.4852,-97.6497,88
988,45723,"Coolville, OH 45723",32,125829,72730,39.2365,-81.8572,39
989,24209,"Bristol, VA 24209",41,182365,46542,36.5965,-82.1889,98
990,62705,"Springfield, IL 62705",34,35378,15107,39.8018,-89.6436,6
991,39354,"Preston, MS 39354",32,145627,56867,32.8634,-88.8234,30
992,38961,"Tillatoba, MS 38961",42,132135,83074,33.9714,-89.8414,66
993,72611,"Alpena, AR 72611",36,63287,96749,36.2879,-93.3210,36
994,17738,"North Bend, PA 17738",43,104679,54703,41.33,-77.64,65
995,96029,"Flournoy, CA 96029",35,27174,15394,39.8934,-122.5119,10
996,29133,"Rowesville, SC 29133",46,144074,59925,33.3740,-80.8055,14
997,95462,"Monte Rio, CA 95462",43,141893,74518,38.4659,-123.0215,73
998,45858,"Mc Comb, OH 45858",43,180124,65922,41.0977,-83.7848,50
999,35894,"Huntsville, AL 35894",40,195668,99778,34.7305,-86.5863,16
